lev.final,BONE_LENGTH
I,20.06
I,20.07
I,20.07
I,20.07
I,20.08
I,20.09
I,20.1
J,20.11
I,20.12
I,20.16
I,20.18
I,20.18
I,20.19
I,20.2
I,20.21
I,20.21
I,20.21
I,20.23
I,20.24
I,20.25
I,20.26
I,20.26
I,20.26
I,20.27
I,20.28
I,20.29
I,20.3
I,20.3
I,20.31
I,20.33
J,20.34
I,20.34
I,20.35
I,20.36
K,20.36
I,20.38
I,20.4
I,20.41
I,20.43
K,20.44
I,20.44
I,20.48
I,20.49
I,20.5
I,20.52
I,20.52
I,20.53
I,20.53
K,20.54
I,20.54
I,20.54
I,20.55
I,20.56
I,20.56
I,20.56
I,20.56
K,20.57
I,20.57
I,20.58
I,20.59
I,20.59
I,20.59
I,20.59
I,20.59
I,20.61
I,20.62
I,20.63
I,20.64
I,20.64
I,20.64
I,20.66
I,20.68
I,20.68
I,20.69
I,20.7
I,20.7
I,20.74
I,20.74
I,20.75
I,20.78
I,20.79
I,20.79
I,20.8
I,20.8
J,20.8
I,20.81
K,20.83
I,20.84
I,20.84
I,20.84
I,20.85
I,20.85
I,20.85
I,20.86
I,20.87
I,20.87
K,20.88
I,20.89
I,20.9
I,20.9
I,20.91
I,20.93
I,20.96
I,20.96
I,20.96
I,20.96
J,20.98
I,20.98
I,20.98
I,20.99
I,21.03
I,21.03
I,21.04
I,21.04
I,21.04
I,21.07
I,21.09
I,21.09
I,21.1
I,21.1
I,21.11
I,21.11
I,21.12
K,21.12
I,21.13
I,21.14
I,21.15
I,21.15
I,21.16
I,21.16
I,21.17
I,21.19
K,21.19
I,21.2
I,21.22
I,21.23
I,21.23
I,21.23
I,21.23
I,21.24
I,21.24
I,21.24
I,21.25
I,21.25
I,21.27
I,21.28
K,21.28
I,21.28
I,21.28
I,21.29
I,21.3
K,21.31
K,21.31
I,21.31
I,21.32
I,21.32
I,21.34
I,21.36
I,21.37
I,21.38
I,21.38
I,21.38
I,21.4
I,21.4
K,21.41
I,21.41
I,21.43
J,21.45
I,21.46
I,21.47
I,21.48
I,21.48
I,21.48
I,21.49
J,21.49
I,21.5
I,21.5
I,21.51
I,21.51
I,21.52
I,21.52
J,21.52
I,21.53
I,21.54
I,21.54
I,21.54
I,21.55
I,21.55
I,21.56
I,21.57
K,21.58
I,21.59
I,21.59
I,21.6
K,21.6
I,21.61
I,21.63
I,21.64
K,21.64
I,21.66
I,21.66
I,21.67
I,21.67
I,21.68
I,21.68
I,21.69
I,21.7
I,21.7
K,21.7
I,21.7
J,21.71
I,21.71
I,21.71
I,21.72
I,21.72
I,21.72
I,21.72
I,21.73
I,21.74
I,21.74
K,21.76
I,21.76
I,21.77
I,21.78
I,21.78
I,21.79
I,21.8
I,21.83
I,21.83
I,21.83
I,21.84
K,21.84
I,21.84
J,21.84
I,21.85
I,21.86
I,21.87
I,21.88
I,21.89
I,21.93
I,21.94
I,21.95
I,21.95
I,21.97
I,21.97
I,21.97
I,21.98
I,21.98
I,21.98
I,21.99
I,21.99
I,22
I,22.01
I,22.01
I,22.01
I,22.02
I,22.02
I,22.03
I,22.03
I,22.03
I,22.04
I,22.04
I,22.04
I,22.05
I,22.05
I,22.06
K,22.08
I,22.09
I,22.09
I,22.09
I,22.1
I,22.11
I,22.11
I,22.11
I,22.12
I,22.13
I,22.13
I,22.13
I,22.16
I,22.17
I,22.18
K,22.18
K,22.19
I,22.2
I,22.2
K,22.2
I,22.22
I,22.23
I,22.24
I,22.25
I,22.25
I,22.25
I,22.25
I,22.26
I,22.26
I,22.26
I,22.27
I,22.27
I,22.27
I,22.27
K,22.27
I,22.28
I,22.28
I,22.3
I,22.3
I,22.3
I,22.3
J,22.31
I,22.31
I,22.32
K,22.33
I,22.33
I,22.34
I,22.34
I,22.35
I,22.35
I,22.35
I,22.35
J,22.36
I,22.36
I,22.36
I,22.36
I,22.37
I,22.38
I,22.38
I,22.38
I,22.39
I,22.39
I,22.41
I,22.41
I,22.42
I,22.42
I,22.42
I,22.43
I,22.43
I,22.43
I,22.44
I,22.45
I,22.45
I,22.45
I,22.46
I,22.47
I,22.48
K,22.48
I,22.48
K,22.48
J,22.49
I,22.51
I,22.51
I,22.53
I,22.53
I,22.53
I,22.53
I,22.53
I,22.54
I,22.55
I,22.55
I,22.56
I,22.56
I,22.56
I,22.57
I,22.57
I,22.58
K,22.58
I,22.58
J,22.58
I,22.59
I,22.59
I,22.59
I,22.6
I,22.6
I,22.61
I,22.61
I,22.61
I,22.62
I,22.63
I,22.63
I,22.63
I,22.66
I,22.67
I,22.67
J,22.68
K,22.68
I,22.69
K,22.69
I,22.69
I,22.69
I,22.7
I,22.7
I,22.7
I,22.71
I,22.72
I,22.73
I,22.73
I,22.73
I,22.73
J,22.74
I,22.74
I,22.74
I,22.74
I,22.74
I,22.74
I,22.75
I,22.75
I,22.76
I,22.76
I,22.77
I,22.78
I,22.79
I,22.79
I,22.79
I,22.8
I,22.81
I,22.81
I,22.81
I,22.82
K,22.82
I,22.82
I,22.83
I,22.83
I,22.83
I,22.84
I,22.84
I,22.85
I,22.85
I,22.86
I,22.86
I,22.87
I,22.87
I,22.89
I,22.89
I,22.9
I,22.9
I,22.91
K,22.91
J,22.92
I,22.94
I,22.94
I,22.94
I,22.95
I,22.95
I,22.95
I,22.95
I,22.96
I,22.97
I,22.98
I,22.99
I,22.99
I,22.99
J,22.99
I,22.99
I,22.99
I,23.01
I,23.01
I,23.01
I,23.02
I,23.03
I,23.04
I,23.04
I,23.04
I,23.04
I,23.05
I,23.05
I,23.06
I,23.06
I,23.06
I,23.06
I,23.06
I,23.07
I,23.07
I,23.07
I,23.08
I,23.08
I,23.09
I,23.09
I,23.1
I,23.1
I,23.1
K,23.1
I,23.1
I,23.11
I,23.11
I,23.11
I,23.11
I,23.11
I,23.11
I,23.12
I,23.14
I,23.14
I,23.14
I,23.15
I,23.15
I,23.15
I,23.16
I,23.16
I,23.16
I,23.16
K,23.17
I,23.17
I,23.18
K,23.18
I,23.19
I,23.2
I,23.2
I,23.2
I,23.21
I,23.22
I,23.23
I,23.23
I,23.23
K,23.23
I,23.23
I,23.23
I,23.24
I,23.24
I,23.24
I,23.25
I,23.25
I,23.26
I,23.26
I,23.27
I,23.27
I,23.27
I,23.28
I,23.29
I,23.29
I,23.3
I,23.3
I,23.3
I,23.31
I,23.31
I,23.33
I,23.33
I,23.34
I,23.35
J,23.36
I,23.36
I,23.37
K,23.37
I,23.38
I,23.38
I,23.38
I,23.39
I,23.4
I,23.4
I,23.41
I,23.41
I,23.41
I,23.42
I,23.42
I,23.42
I,23.42
I,23.43
I,23.43
I,23.44
I,23.46
I,23.46
I,23.47
I,23.47
I,23.48
I,23.48
I,23.48
I,23.48
J,23.49
I,23.49
I,23.49
K,23.49
I,23.51
I,23.51
I,23.52
I,23.52
I,23.52
I,23.53
I,23.54
I,23.54
I,23.54
J,23.54
I,23.54
K,23.55
I,23.55
K,23.55
J,23.55
I,23.55
I,23.56
I,23.56
K,23.56
I,23.57
I,23.57
I,23.58
I,23.58
I,23.59
I,23.6
I,23.6
I,23.61
I,23.62
I,23.62
I,23.62
I,23.63
K,23.63
I,23.63
I,23.64
I,23.64
I,23.64
I,23.64
K,23.66
I,23.66
I,23.66
I,23.67
I,23.67
I,23.67
I,23.67
I,23.68
I,23.69
I,23.69
I,23.69
I,23.7
I,23.7
I,23.71
I,23.71
I,23.71
I,23.72
I,23.72
I,23.73
I,23.73
I,23.74
I,23.74
I,23.74
I,23.75
I,23.75
I,23.75
I,23.76
I,23.76
I,23.76
I,23.77
I,23.78
I,23.79
I,23.79
I,23.81
I,23.81
K,23.82
I,23.82
I,23.82
I,23.83
I,23.84
I,23.85
I,23.85
I,23.86
I,23.87
I,23.87
I,23.87
I,23.87
K,23.88
I,23.88
I,23.89
I,23.89
I,23.89
I,23.9
I,23.9
J,23.9
I,23.9
I,23.91
I,23.91
I,23.92
I,23.92
I,23.92
I,23.92
I,23.92
K,23.92
I,23.93
I,23.93
I,23.93
I,23.94
J,23.94
I,23.94
J,23.94
I,23.95
I,23.95
I,23.95
I,23.96
K,23.96
K,23.96
I,23.96
I,23.96
I,23.97
I,23.97
J,23.97
I,23.97
I,23.98
I,23.99
I,23.99
I,23.99
I,23.99
I,23.99
I,23.99
I,24
I,24
I,24
I,24.01
I,24.02
I,24.02
I,24.03
K,24.03
I,24.03
I,24.03
I,24.04
I,24.04
I,24.04
I,24.04
I,24.05
I,24.06
I,24.06
I,24.07
I,24.11
I,24.11
I,24.11
I,24.11
J,24.12
I,24.13
I,24.13
I,24.14
I,24.15
I,24.15
I,24.16
I,24.18
I,24.18
I,24.19
I,24.2
I,24.21
I,24.21
I,24.22
I,24.22
K,24.22
I,24.22
I,24.23
I,24.23
I,24.24
I,24.24
I,24.24
I,24.26
K,24.27
I,24.27
I,24.27
I,24.28
I,24.28
I,24.28
I,24.3
I,24.3
I,24.3
I,24.3
I,24.31
I,24.31
I,24.31
I,24.31
I,24.32
I,24.32
I,24.32
I,24.33
I,24.33
I,24.34
I,24.36
I,24.38
I,24.38
I,24.39
I,24.39
I,24.39
I,24.39
I,24.4
I,24.41
I,24.42
I,24.42
I,24.42
I,24.42
I,24.43
I,24.43
I,24.43
I,24.43
I,24.44
I,24.44
I,24.44
I,24.45
I,24.46
I,24.46
I,24.47
I,24.47
I,24.47
I,24.47
I,24.48
J,24.5
K,24.5
I,24.51
I,24.52
I,24.52
I,24.52
I,24.52
I,24.53
I,24.53
I,24.53
I,24.53
K,24.54
I,24.55
K,24.55
I,24.57
I,24.58
I,24.58
I,24.59
J,24.59
I,24.6
I,24.6
I,24.6
I,24.61
I,24.61
K,24.61
I,24.62
I,24.63
I,24.64
I,24.65
I,24.65
I,24.65
I,24.65
I,24.65
I,24.65
J,24.66
I,24.66
I,24.66
I,24.66
I,24.67
I,24.67
I,24.67
I,24.67
I,24.67
I,24.67
I,24.67
I,24.68
I,24.69
I,24.69
I,24.69
I,24.69
I,24.7
I,24.7
I,24.71
K,24.71
I,24.72
K,24.73
I,24.74
I,24.74
I,24.75
I,24.75
I,24.75
I,24.76
I,24.76
I,24.77
I,24.77
I,24.77
I,24.78
I,24.78
I,24.78
I,24.78
I,24.78
I,24.79
I,24.79
K,24.79
I,24.79
I,24.79
I,24.79
I,24.79
I,24.8
I,24.8
I,24.8
I,24.8
I,24.8
I,24.8
I,24.81
I,24.81
I,24.81
K,24.81
I,24.81
K,24.81
I,24.82
J,24.83
I,24.84
I,24.84
I,24.84
I,24.84
I,24.85
I,24.85
I,24.85
I,24.86
J,24.86
I,24.87
I,24.88
I,24.89
I,24.89
I,24.89
I,24.89
I,24.89
I,24.89
I,24.9
I,24.91
I,24.91
I,24.91
I,24.92
I,24.92
I,24.93
I,24.94
J,24.95
I,24.95
I,24.95
J,24.95
I,24.96
I,24.96
I,24.97
I,24.98
K,24.98
K,24.98
I,24.99
I,24.99
I,24.99
I,24.99
I,24.99
K,25
I,25.01
K,25.01
I,25.02
I,25.02
J,25.03
I,25.04
I,25.04
I,25.04
I,25.04
J,25.05
I,25.06
I,25.06
I,25.07
K,25.08
J,25.09
I,25.09
I,25.1
I,25.11
I,25.11
I,25.11
I,25.12
I,25.12
I,25.13
J,25.13
I,25.14
I,25.14
I,25.14
K,25.14
I,25.14
I,25.15
J,25.16
I,25.16
I,25.16
I,25.17
I,25.18
I,25.18
J,25.18
I,25.19
I,25.2
I,25.2
I,25.2
I,25.22
I,25.22
J,25.22
I,25.22
I,25.22
I,25.23
I,25.23
I,25.23
K,25.24
I,25.25
K,25.25
I,25.25
I,25.26
I,25.26
I,25.27
I,25.27
I,25.27
I,25.28
I,25.28
I,25.28
I,25.29
K,25.29
I,25.29
I,25.29
I,25.29
I,25.29
I,25.3
K,25.3
I,25.31
I,25.31
I,25.31
I,25.32
I,25.32
I,25.32
I,25.33
I,25.33
I,25.34
I,25.34
J,25.35
I,25.36
I,25.36
I,25.37
I,25.37
I,25.37
I,25.37
I,25.37
I,25.38
I,25.38
I,25.38
I,25.38
I,25.39
K,25.39
I,25.39
J,25.39
I,25.41
I,25.42
I,25.42
K,25.42
I,25.43
I,25.43
J,25.43
I,25.43
J,25.44
I,25.44
I,25.44
I,25.45
I,25.45
I,25.46
J,25.47
K,25.47
I,25.47
J,25.48
I,25.48
I,25.49
I,25.49
I,25.49
I,25.5
I,25.51
I,25.52
K,25.52
I,25.52
I,25.52
I,25.53
K,25.53
I,25.54
I,25.54
I,25.55
I,25.56
I,25.57
I,25.57
I,25.57
I,25.57
I,25.58
I,25.58
I,25.58
I,25.59
I,25.59
I,25.59
I,25.59
I,25.6
I,25.63
I,25.63
J,25.64
J,25.64
J,25.64
I,25.64
I,25.65
I,25.65
I,25.65
I,25.66
I,25.68
I,25.68
K,25.68
I,25.69
K,25.69
J,25.69
I,25.69
I,25.7
I,25.7
I,25.7
I,25.71
I,25.71
I,25.71
I,25.72
I,25.73
I,25.73
I,25.73
I,25.74
I,25.74
I,25.75
I,25.75
I,25.75
I,25.76
I,25.76
I,25.76
I,25.77
I,25.77
I,25.77
I,25.77
J,25.79
I,25.79
I,25.79
K,25.79
I,25.8
I,25.81
I,25.82
K,25.82
I,25.83
I,25.83
I,25.84
I,25.84
I,25.84
I,25.84
I,25.84
I,25.85
I,25.85
I,25.85
I,25.85
J,25.86
I,25.86
I,25.87
I,25.88
I,25.89
I,25.89
I,25.9
K,25.91
I,25.92
I,25.92
I,25.93
J,25.93
I,25.93
I,25.94
I,25.94
I,25.94
K,25.95
K,25.95
I,25.96
I,25.96
I,25.96
I,25.96
I,25.96
I,25.97
I,25.97
I,25.97
I,25.97
I,25.98
I,25.98
I,25.98
I,25.98
I,25.98
I,25.98
I,26
I,26
I,26.01
I,26.01
I,26.02
I,26.03
I,26.03
I,26.04
I,26.05
I,26.05
I,26.06
I,26.06
I,26.07
I,26.07
I,26.07
I,26.07
I,26.08
J,26.09
I,26.09
I,26.09
J,26.09
I,26.09
I,26.1
I,26.1
K,26.1
I,26.1
I,26.1
I,26.1
I,26.11
I,26.11
I,26.11
I,26.12
K,26.12
I,26.12
I,26.12
I,26.12
I,26.13
I,26.14
I,26.14
I,26.14
I,26.14
I,26.15
I,26.15
I,26.15
I,26.16
I,26.16
I,26.16
I,26.16
I,26.17
I,26.17
I,26.18
I,26.18
I,26.19
I,26.19
I,26.19
I,26.2
I,26.2
I,26.2
I,26.2
I,26.21
I,26.21
I,26.22
I,26.22
I,26.22
I,26.23
I,26.24
I,26.25
I,26.25
I,26.25
I,26.26
I,26.27
K,26.28
I,26.28
I,26.29
I,26.29
J,26.29
I,26.3
I,26.3
I,26.3
I,26.3
I,26.3
K,26.3
J,26.3
I,26.31
I,26.31
I,26.32
J,26.32
I,26.32
I,26.33
I,26.34
I,26.34
I,26.34
I,26.34
I,26.36
I,26.36
K,26.36
I,26.37
I,26.38
I,26.39
I,26.39
I,26.39
I,26.4
I,26.4
I,26.41
I,26.41
I,26.41
I,26.42
I,26.42
I,26.42
I,26.42
I,26.43
I,26.43
I,26.44
I,26.45
I,26.45
I,26.45
I,26.46
I,26.47
K,26.47
I,26.48
I,26.48
I,26.48
I,26.49
I,26.49
I,26.51
I,26.51
K,26.51
I,26.51
K,26.51
I,26.53
I,26.53
I,26.54
J,26.55
I,26.56
I,26.56
I,26.56
I,26.57
I,26.58
I,26.58
I,26.59
I,26.6
J,26.6
J,26.6
I,26.6
J,26.61
I,26.61
I,26.62
I,26.62
I,26.62
I,26.63
I,26.64
I,26.65
I,26.66
I,26.66
I,26.66
I,26.66
K,26.7
K,26.7
K,26.7
I,26.72
I,26.73
I,26.73
K,26.73
K,26.73
I,26.75
K,26.76
I,26.76
I,26.76
I,26.76
I,26.78
I,26.78
I,26.78
K,26.79
I,26.79
I,26.8
I,26.8
I,26.8
I,26.8
I,26.81
K,26.82
I,26.82
K,26.82
I,26.82
I,26.83
I,26.83
I,26.83
K,26.85
I,26.86
J,26.86
I,26.87
K,26.87
I,26.88
I,26.89
I,26.89
I,26.89
I,26.9
J,26.9
I,26.9
I,26.9
I,26.91
I,26.91
I,26.92
I,26.92
I,26.92
I,26.93
I,26.93
K,26.95
J,26.95
I,26.96
K,26.96
J,26.96
I,26.96
I,26.97
I,26.97
I,26.97
I,26.98
I,26.98
I,26.98
I,26.98
I,26.98
J,26.98
I,26.99
I,26.99
I,27
I,27
I,27
I,27.01
I,27.02
I,27.03
I,27.03
I,27.03
I,27.03
I,27.03
K,27.03
I,27.04
I,27.04
I,27.05
I,27.05
K,27.05
I,27.05
I,27.06
I,27.06
I,27.07
I,27.07
I,27.08
I,27.09
I,27.09
I,27.09
J,27.1
I,27.1
J,27.1
I,27.1
I,27.11
J,27.11
I,27.11
I,27.12
I,27.12
J,27.12
J,27.13
I,27.13
I,27.13
I,27.14
I,27.15
I,27.15
I,27.15
I,27.15
I,27.16
I,27.16
I,27.17
I,27.18
I,27.18
J,27.18
J,27.18
J,27.18
I,27.18
I,27.18
I,27.18
I,27.18
I,27.18
I,27.19
J,27.19
I,27.19
I,27.19
I,27.2
I,27.2
I,27.21
K,27.21
K,27.21
I,27.22
I,27.22
I,27.22
I,27.22
I,27.23
I,27.23
I,27.23
J,27.24
I,27.25
I,27.25
I,27.26
I,27.27
I,27.27
J,27.27
J,27.27
I,27.27
I,27.28
I,27.28
I,27.28
I,27.29
I,27.3
I,27.3
I,27.31
I,27.31
I,27.31
I,27.31
I,27.31
I,27.32
I,27.32
I,27.34
I,27.34
I,27.35
I,27.35
I,27.35
I,27.35
I,27.35
I,27.36
I,27.37
I,27.37
J,27.37
K,27.38
I,27.38
J,27.38
I,27.38
I,27.38
I,27.38
I,27.39
I,27.39
K,27.39
K,27.4
I,27.4
I,27.41
K,27.41
K,27.42
I,27.43
I,27.43
I,27.43
I,27.44
J,27.44
I,27.44
I,27.44
I,27.45
I,27.45
I,27.45
J,27.46
I,27.47
J,27.47
I,27.47
I,27.47
J,27.48
J,27.48
I,27.48
I,27.48
I,27.48
I,27.49
I,27.49
I,27.49
I,27.5
I,27.5
I,27.51
I,27.51
I,27.52
J,27.52
I,27.52
I,27.53
I,27.54
I,27.54
I,27.55
I,27.55
I,27.55
I,27.55
I,27.55
I,27.57
I,27.57
I,27.57
J,27.57
I,27.57
I,27.58
I,27.58
I,27.58
I,27.58
I,27.59
K,27.6
I,27.6
I,27.61
K,27.61
I,27.61
I,27.62
K,27.62
I,27.62
I,27.63
I,27.63
I,27.64
I,27.64
I,27.65
J,27.66
I,27.66
I,27.66
I,27.67
J,27.68
I,27.69
J,27.69
K,27.69
I,27.69
I,27.7
I,27.71
I,27.71
I,27.71
I,27.72
I,27.72
I,27.73
I,27.73
I,27.73
I,27.75
K,27.76
I,27.76
K,27.76
J,27.77
I,27.77
I,27.77
I,27.78
I,27.78
J,27.78
I,27.79
I,27.8
K,27.8
I,27.8
I,27.8
I,27.8
I,27.81
I,27.83
K,27.83
I,27.83
I,27.83
I,27.84
J,27.84
I,27.86
I,27.86
I,27.86
I,27.86
I,27.87
I,27.87
I,27.87
I,27.88
I,27.88
J,27.88
I,27.88
I,27.89
I,27.89
I,27.89
I,27.89
J,27.9
I,27.9
I,27.9
I,27.9
I,27.91
I,27.91
J,27.91
I,27.91
I,27.91
I,27.92
I,27.93
I,27.93
I,27.93
I,27.93
I,27.94
J,27.94
K,27.95
I,27.95
I,27.96
I,27.96
I,27.97
I,27.97
J,27.98
I,27.99
I,28
J,28.01
K,28.01
J,28.01
I,28.01
I,28.02
I,28.02
I,28.03
K,28.03
I,28.03
I,28.05
I,28.05
I,28.05
I,28.05
I,28.06
I,28.06
I,28.06
I,28.06
I,28.08
I,28.08
I,28.08
I,28.08
I,28.1
J,28.1
I,28.11
I,28.11
K,28.11
I,28.12
I,28.12
I,28.12
I,28.13
I,28.13
J,28.13
I,28.14
I,28.15
I,28.16
J,28.16
I,28.16
I,28.16
I,28.16
I,28.16
I,28.16
I,28.17
I,28.19
I,28.19
I,28.19
I,28.19
I,28.19
I,28.19
I,28.19
I,28.2
K,28.21
I,28.22
J,28.22
I,28.23
I,28.23
I,28.24
I,28.25
I,28.25
I,28.25
I,28.25
I,28.26
I,28.26
K,28.26
I,28.27
I,28.27
I,28.28
I,28.29
I,28.29
I,28.29
K,28.29
I,28.3
I,28.31
I,28.32
I,28.33
I,28.33
I,28.33
K,28.33
I,28.35
I,28.37
I,28.37
J,28.39
I,28.39
I,28.4
I,28.4
I,28.4
I,28.4
I,28.41
I,28.42
I,28.42
I,28.43
I,28.45
K,28.45
I,28.45
I,28.46
K,28.46
I,28.47
I,28.48
I,28.48
I,28.48
K,28.48
I,28.49
I,28.5
I,28.5
I,28.5
I,28.51
I,28.51
I,28.51
I,28.51
I,28.53
I,28.53
I,28.53
I,28.54
I,28.54
I,28.54
J,28.54
I,28.56
I,28.56
I,28.56
I,28.58
I,28.58
I,28.58
I,28.59
I,28.59
I,28.59
I,28.6
I,28.6
I,28.61
I,28.62
I,28.62
I,28.62
I,28.62
J,28.62
I,28.62
K,28.62
I,28.63
I,28.64
I,28.65
J,28.65
I,28.65
J,28.65
I,28.65
I,28.65
I,28.65
I,28.65
J,28.65
I,28.66
I,28.66
I,28.67
J,28.67
I,28.69
I,28.7
I,28.71
I,28.71
I,28.71
I,28.71
I,28.71
I,28.72
K,28.72
K,28.72
K,28.73
I,28.73
J,28.74
I,28.74
I,28.75
I,28.75
I,28.76
I,28.76
I,28.76
I,28.77
I,28.78
I,28.78
I,28.78
I,28.79
I,28.79
J,28.79
I,28.8
I,28.81
I,28.83
I,28.83
I,28.84
I,28.84
K,28.84
I,28.85
K,28.86
I,28.86
J,28.87
I,28.87
J,28.88
K,28.88
I,28.9
J,28.9
I,28.9
I,28.9
I,28.91
I,28.91
I,28.92
I,28.92
I,28.92
I,28.93
I,28.93
I,28.93
I,28.94
I,28.94
I,28.94
J,28.94
I,28.95
I,28.96
I,28.97
I,28.97
I,28.98
I,28.99
K,28.99
I,28.99
I,28.99
I,29
I,29
I,29
I,29
I,29.03
J,29.04
I,29.04
I,29.04
I,29.04
I,29.05
I,29.06
I,29.06
I,29.07
J,29.07
K,29.07
J,29.07
I,29.08
I,29.08
I,29.08
I,29.09
K,29.09
I,29.09
K,29.1
J,29.1
I,29.11
I,29.12
I,29.12
J,29.12
I,29.12
I,29.14
I,29.14
K,29.14
I,29.15
K,29.16
K,29.16
I,29.16
I,29.17
K,29.17
I,29.19
I,29.19
J,29.19
I,29.19
I,29.2
I,29.21
I,29.21
I,29.22
J,29.22
I,29.23
I,29.23
I,29.23
I,29.24
J,29.25
J,29.25
J,29.25
I,29.26
I,29.26
I,29.26
J,29.26
I,29.26
J,29.27
I,29.29
I,29.29
K,29.29
I,29.3
I,29.3
I,29.34
I,29.35
I,29.35
K,29.35
I,29.35
I,29.35
I,29.36
I,29.36
I,29.36
I,29.37
I,29.37
I,29.37
I,29.37
I,29.37
I,29.37
J,29.38
I,29.38
I,29.38
I,29.38
I,29.39
J,29.4
I,29.4
I,29.41
I,29.41
I,29.41
I,29.43
I,29.43
K,29.44
J,29.44
K,29.45
I,29.45
I,29.45
I,29.46
I,29.46
I,29.47
I,29.47
I,29.47
I,29.47
I,29.48
I,29.48
I,29.48
K,29.48
I,29.49
K,29.5
I,29.51
J,29.51
J,29.51
I,29.52
I,29.52
I,29.52
I,29.53
K,29.53
K,29.54
I,29.54
I,29.54
I,29.55
I,29.55
I,29.55
I,29.56
J,29.56
I,29.58
J,29.58
J,29.59
I,29.59
I,29.6
K,29.61
I,29.61
I,29.62
I,29.64
I,29.64
I,29.64
J,29.65
I,29.66
I,29.66
I,29.67
I,29.68
I,29.69
I,29.7
I,29.7
I,29.71
I,29.72
I,29.73
I,29.73
I,29.73
I,29.73
I,29.74
I,29.74
I,29.74
I,29.75
I,29.75
I,29.76
I,29.76
I,29.76
I,29.76
I,29.76
I,29.77
J,29.78
I,29.8
I,29.8
J,29.81
I,29.82
K,29.82
I,29.84
I,29.85
I,29.86
I,29.86
I,29.87
I,29.87
I,29.88
I,29.89
I,29.89
I,29.89
I,29.9
I,29.9
I,29.91
I,29.91
I,29.92
I,29.93
J,29.94
I,29.94
I,29.94
J,29.95
I,29.96
I,29.97
I,29.97
I,29.97
I,29.98
I,29.98
I,29.98
I,29.98
I,29.99
I,29.99
I,29.99
I,29.99
J,30.01
I,30.01
K,30.01
I,30.01
I,30.02
I,30.03
I,30.03
I,30.04
I,30.04
K,30.04
I,30.05
I,30.06
I,30.06
I,30.07
I,30.07
I,30.07
I,30.07
I,30.07
I,30.08
I,30.08
K,30.08
J,30.1
I,30.11
I,30.11
K,30.11
I,30.11
I,30.12
I,30.13
I,30.13
I,30.13
I,30.13
I,30.14
I,30.14
I,30.14
I,30.15
I,30.16
I,30.16
I,30.16
I,30.17
I,30.18
I,30.19
K,30.19
I,30.19
J,30.2
I,30.2
I,30.2
I,30.21
I,30.24
I,30.24
I,30.25
I,30.25
I,30.25
I,30.25
I,30.25
I,30.25
I,30.26
I,30.26
I,30.26
I,30.27
I,30.27
I,30.28
I,30.28
I,30.28
I,30.29
I,30.3
K,30.3
I,30.31
I,30.31
K,30.31
I,30.34
I,30.34
I,30.34
I,30.34
I,30.34
I,30.34
I,30.35
I,30.35
K,30.36
I,30.36
J,30.37
J,30.37
I,30.37
I,30.38
I,30.38
K,30.38
I,30.39
J,30.39
K,30.39
I,30.39
K,30.4
I,30.4
I,30.41
J,30.41
I,30.43
I,30.44
I,30.44
I,30.44
I,30.44
I,30.44
I,30.44
I,30.45
K,30.46
I,30.46
I,30.47
K,30.47
I,30.47
I,30.49
I,30.49
I,30.5
I,30.51
I,30.51
I,30.51
I,30.52
I,30.53
I,30.54
I,30.55
I,30.55
I,30.56
I,30.57
I,30.58
I,30.59
I,30.59
I,30.6
I,30.61
I,30.61
K,30.61
I,30.62
I,30.62
I,30.62
I,30.62
I,30.62
I,30.63
J,30.64
J,30.64
I,30.65
I,30.65
I,30.65
I,30.66
K,30.66
I,30.66
I,30.67
I,30.68
I,30.68
K,30.68
I,30.68
I,30.68
I,30.69
J,30.69
J,30.69
I,30.7
I,30.7
I,30.7
I,30.7
I,30.71
I,30.72
I,30.72
J,30.74
I,30.74
K,30.74
I,30.75
I,30.75
J,30.76
I,30.78
J,30.78
I,30.78
I,30.79
I,30.79
I,30.79
I,30.8
I,30.8
I,30.8
I,30.8
I,30.8
I,30.81
I,30.81
I,30.81
I,30.82
I,30.82
I,30.83
I,30.84
I,30.84
K,30.86
I,30.87
I,30.87
I,30.88
I,30.88
I,30.88
I,30.89
I,30.89
I,30.89
J,30.91
I,30.91
I,30.91
I,30.92
I,30.92
I,30.93
I,30.93
I,30.94
J,30.94
I,30.94
J,30.95
I,30.96
I,30.96
I,30.96
I,30.97
I,30.97
I,30.97
I,30.98
J,30.98
J,30.99
I,30.99
K,30.99
I,31.01
I,31.01
I,31.01
I,31.02
I,31.02
I,31.03
I,31.04
I,31.04
I,31.05
I,31.05
I,31.05
I,31.05
I,31.06
I,31.06
I,31.06
I,31.06
I,31.07
I,31.07
I,31.07
I,31.07
I,31.08
J,31.1
J,31.11
I,31.11
I,31.12
I,31.12
I,31.12
I,31.12
I,31.13
I,31.13
I,31.14
I,31.14
I,31.14
I,31.15
J,31.16
I,31.16
I,31.16
I,31.16
I,31.17
I,31.17
K,31.18
I,31.18
J,31.19
K,31.21
K,31.22
I,31.22
I,31.22
I,31.23
I,31.24
I,31.25
I,31.25
I,31.25
I,31.25
I,31.25
J,31.26
I,31.26
K,31.26
J,31.27
J,31.27
I,31.27
I,31.28
I,31.28
I,31.28
I,31.28
I,31.29
K,31.29
I,31.3
I,31.31
I,31.31
I,31.31
I,31.33
K,31.33
I,31.33
I,31.36
I,31.36
I,31.38
I,31.38
K,31.38
I,31.38
I,31.4
I,31.41
I,31.41
I,31.41
I,31.41
I,31.42
I,31.43
I,31.45
I,31.45
I,31.45
I,31.45
I,31.46
I,31.46
I,31.47
I,31.47
I,31.48
K,31.48
I,31.48
K,31.48
I,31.49
K,31.5
I,31.5
I,31.5
I,31.51
I,31.51
I,31.52
I,31.53
I,31.53
I,31.53
J,31.53
J,31.53
I,31.54
I,31.54
I,31.54
I,31.55
I,31.56
I,31.56
I,31.57
K,31.6
I,31.62
I,31.63
K,31.63
I,31.63
J,31.63
J,31.64
I,31.65
I,31.66
I,31.66
I,31.67
I,31.68
I,31.68
J,31.68
I,31.69
I,31.69
I,31.69
I,31.7
I,31.7
I,31.71
I,31.71
I,31.71
I,31.71
I,31.71
I,31.72
I,31.73
I,31.74
I,31.74
I,31.74
I,31.76
I,31.77
I,31.77
I,31.77
I,31.77
J,31.79
I,31.79
I,31.8
I,31.8
I,31.8
I,31.8
J,31.81
I,31.81
I,31.81
I,31.82
I,31.83
I,31.84
I,31.84
I,31.85
I,31.85
J,31.85
I,31.85
I,31.86
I,31.86
I,31.87
I,31.87
I,31.87
I,31.88
I,31.88
I,31.88
I,31.89
K,31.89
K,31.89
I,31.89
I,31.9
I,31.9
I,31.91
I,31.92
I,31.93
I,31.93
I,31.93
J,31.94
I,31.94
I,31.94
K,31.95
K,31.96
I,31.97
I,31.98
I,31.98
I,31.98
I,31.98
I,31.98
K,31.99
I,31.99
I,32
K,32.02
J,32.02
K,32.03
K,32.03
I,32.03
I,32.04
K,32.04
I,32.05
I,32.05
I,32.05
I,32.06
I,32.06
I,32.06
J,32.07
I,32.07
J,32.07
I,32.07
I,32.07
I,32.08
I,32.08
J,32.08
I,32.08
J,32.08
I,32.09
I,32.09
I,32.1
I,32.1
I,32.1
I,32.1
I,32.11
K,32.11
I,32.11
I,32.12
I,32.12
I,32.12
K,32.14
I,32.15
I,32.15
I,32.15
I,32.16
K,32.16
I,32.16
I,32.17
I,32.18
I,32.18
I,32.19
I,32.19
I,32.19
I,32.2
I,32.2
K,32.21
I,32.21
I,32.21
I,32.21
K,32.21
I,32.22
I,32.23
I,32.23
I,32.23
I,32.24
I,32.24
I,32.25
I,32.25
I,32.26
I,32.26
I,32.26
I,32.26
I,32.27
I,32.28
I,32.28
I,32.28
I,32.28
I,32.28
I,32.29
I,32.3
I,32.3
I,32.31
I,32.31
I,32.31
J,32.31
I,32.32
I,32.33
I,32.33
K,32.33
K,32.34
J,32.35
I,32.35
J,32.35
I,32.35
I,32.35
I,32.36
I,32.36
J,32.36
I,32.36
I,32.37
I,32.39
I,32.39
I,32.4
I,32.4
I,32.42
I,32.44
I,32.44
I,32.44
I,32.48
I,32.48
K,32.48
I,32.49
I,32.5
I,32.5
I,32.5
I,32.5
I,32.5
I,32.5
K,32.51
I,32.51
I,32.52
I,32.52
I,32.52
K,32.53
I,32.53
I,32.54
J,32.54
I,32.54
I,32.55
I,32.55
K,32.55
I,32.55
I,32.56
I,32.57
I,32.57
I,32.57
I,32.58
I,32.59
I,32.59
I,32.6
I,32.6
I,32.6
I,32.6
I,32.61
I,32.61
I,32.61
I,32.61
I,32.61
I,32.62
I,32.62
I,32.63
I,32.63
I,32.63
I,32.64
I,32.64
I,32.64
I,32.65
I,32.66
I,32.66
I,32.66
I,32.66
I,32.67
I,32.67
I,32.68
I,32.68
I,32.71
I,32.72
I,32.73
I,32.77
I,32.77
J,32.77
I,32.78
K,32.78
I,32.78
I,32.78
I,32.79
I,32.8
I,32.81
I,32.81
J,32.81
I,32.82
I,32.83
I,32.85
I,32.85
I,32.86
I,32.86
I,32.86
J,32.87
I,32.87
I,32.87
I,32.87
I,32.87
I,32.88
I,32.88
K,32.89
I,32.9
J,32.92
I,32.92
J,32.93
I,32.93
I,32.94
I,32.94
I,32.95
J,32.95
I,32.95
I,32.96
I,32.96
J,32.96
K,32.96
I,32.96
I,32.96
K,32.97
I,32.97
I,32.98
I,32.98
I,32.98
I,32.99
K,32.99
I,32.99
I,33
I,33
I,33.01
I,33.01
I,33.01
I,33.02
I,33.02
I,33.02
J,33.03
I,33.03
I,33.03
I,33.04
K,33.04
I,33.05
I,33.06
I,33.06
J,33.06
I,33.07
I,33.07
K,33.08
I,33.08
I,33.08
I,33.08
I,33.09
I,33.1
I,33.1
I,33.1
I,33.11
I,33.11
I,33.13
I,33.13
I,33.13
I,33.13
I,33.14
I,33.14
I,33.14
I,33.15
J,33.15
I,33.16
I,33.16
I,33.16
I,33.16
I,33.16
I,33.16
I,33.17
I,33.17
K,33.18
I,33.18
I,33.18
I,33.19
I,33.19
I,33.19
I,33.19
I,33.19
I,33.19
I,33.19
I,33.2
I,33.22
I,33.22
I,33.22
I,33.22
K,33.24
I,33.24
I,33.24
I,33.24
I,33.24
I,33.25
I,33.25
I,33.26
I,33.26
I,33.26
I,33.27
I,33.29
I,33.29
K,33.3
I,33.3
I,33.31
I,33.32
I,33.33
J,33.33
I,33.34
I,33.34
I,33.34
I,33.35
I,33.35
I,33.35
I,33.36
I,33.37
I,33.37
I,33.37
I,33.37
I,33.38
I,33.38
I,33.38
I,33.38
I,33.38
I,33.39
I,33.4
I,33.4
I,33.41
I,33.41
K,33.43
I,33.43
I,33.43
I,33.43
I,33.44
I,33.44
J,33.44
I,33.44
I,33.46
I,33.46
K,33.47
I,33.48
I,33.48
I,33.48
I,33.48
I,33.48
I,33.49
I,33.49
K,33.49
I,33.49
J,33.5
I,33.51
I,33.51
I,33.52
I,33.52
I,33.52
I,33.52
I,33.54
I,33.55
I,33.56
I,33.57
I,33.57
I,33.58
K,33.58
I,33.59
I,33.59
I,33.6
I,33.6
I,33.6
I,33.6
J,33.6
J,33.61
J,33.61
I,33.61
K,33.62
I,33.62
I,33.62
I,33.62
I,33.62
I,33.63
I,33.64
I,33.64
I,33.64
I,33.65
K,33.65
I,33.66
I,33.66
I,33.66
J,33.66
J,33.67
K,33.67
I,33.67
I,33.67
I,33.68
I,33.7
I,33.7
J,33.7
I,33.71
I,33.71
I,33.71
I,33.71
I,33.71
I,33.72
I,33.73
I,33.73
I,33.74
I,33.74
I,33.76
I,33.77
I,33.77
I,33.77
I,33.77
I,33.78
I,33.79
I,33.8
K,33.8
I,33.82
I,33.83
I,33.83
I,33.83
I,33.84
I,33.84
I,33.84
I,33.85
I,33.86
I,33.86
J,33.86
I,33.87
I,33.88
I,33.89
I,33.89
I,33.89
I,33.89
I,33.89
I,33.89
J,33.89
I,33.9
J,33.9
I,33.91
I,33.91
I,33.92
I,33.92
I,33.92
I,33.92
I,33.92
J,33.93
I,33.94
I,33.94
K,33.95
I,33.96
K,33.96
I,33.96
I,33.97
I,33.98
J,33.98
I,34
J,34
I,34
I,34.01
I,34.02
I,34.03
J,34.03
J,34.04
I,34.04
I,34.05
I,34.06
I,34.06
I,34.06
I,34.08
K,34.09
I,34.1
I,34.1
I,34.11
I,34.11
K,34.15
I,34.16
I,34.17
I,34.17
J,34.17
K,34.18
I,34.18
I,34.19
I,34.2
I,34.21
I,34.21
I,34.21
I,34.21
I,34.22
I,34.23
I,34.24
I,34.26
I,34.27
I,34.28
I,34.28
I,34.29
I,34.29
I,34.3
I,34.31
I,34.33
J,34.33
I,34.33
I,34.33
I,34.34
I,34.34
I,34.35
I,34.37
I,34.37
I,34.4
I,34.41
I,34.42
I,34.42
I,34.42
I,34.44
I,34.44
I,34.44
J,34.45
K,34.45
I,34.46
J,34.46
I,34.46
K,34.47
I,34.47
I,34.47
I,34.47
I,34.47
I,34.47
I,34.48
I,34.48
I,34.48
I,34.48
I,34.49
I,34.51
K,34.51
I,34.52
I,34.52
I,34.53
J,34.53
I,34.54
I,34.54
I,34.54
I,34.55
I,34.55
K,34.56
J,34.56
I,34.57
K,34.57
I,34.58
I,34.58
I,34.59
I,34.59
I,34.59
I,34.59
I,34.6
I,34.6
I,34.61
I,34.62
I,34.64
I,34.68
I,34.69
I,34.7
I,34.7
J,34.71
I,34.72
I,34.73
I,34.73
I,34.73
K,34.73
I,34.74
I,34.74
J,34.74
I,34.74
I,34.75
J,34.75
I,34.76
J,34.76
I,34.78
I,34.79
I,34.8
I,34.8
K,34.81
J,34.81
I,34.81
I,34.82
I,34.83
I,34.84
I,34.84
K,34.84
K,34.85
I,34.86
I,34.87
I,34.88
I,34.88
I,34.88
I,34.88
I,34.88
I,34.88
I,34.89
I,34.9
I,34.92
I,34.94
I,34.94
I,34.95
I,34.96
I,34.96
I,34.96
J,34.97
I,34.97
I,34.98
K,34.99
I,34.99
I,34.99
I,35.01
I,35.01
I,35.01
I,35.01
I,35.02
K,35.02
K,35.02
I,35.03
J,35.03
I,35.03
I,35.04
K,35.05
J,35.05
I,35.06
I,35.06
I,35.07
K,35.07
I,35.07
I,35.07
I,35.08
I,35.08
I,35.09
I,35.1
I,35.11
I,35.11
J,35.12
I,35.14
I,35.14
I,35.14
J,35.15
I,35.16
I,35.16
I,35.17
I,35.18
I,35.18
K,35.2
I,35.2
I,35.21
I,35.22
K,35.22
I,35.23
I,35.23
I,35.23
I,35.23
I,35.24
I,35.24
I,35.29
J,35.29
I,35.3
I,35.31
I,35.31
I,35.32
I,35.32
I,35.32
I,35.33
I,35.33
I,35.33
I,35.35
I,35.35
K,35.35
I,35.35
I,35.36
I,35.37
J,35.38
I,35.38
I,35.38
J,35.39
I,35.39
I,35.39
I,35.39
I,35.4
I,35.4
I,35.41
I,35.42
K,35.42
I,35.43
J,35.44
I,35.44
I,35.45
I,35.45
I,35.45
I,35.46
I,35.46
I,35.47
I,35.47
I,35.48
J,35.48
J,35.48
I,35.49
I,35.5
I,35.5
I,35.5
I,35.5
I,35.51
J,35.51
I,35.51
J,35.51
K,35.52
I,35.54
I,35.54
I,35.54
J,35.55
I,35.57
I,35.57
I,35.57
I,35.57
I,35.58
I,35.59
I,35.59
I,35.59
I,35.59
I,35.59
I,35.59
I,35.61
I,35.61
I,35.61
I,35.62
I,35.63
I,35.63
I,35.64
K,35.64
I,35.65
I,35.65
I,35.66
J,35.66
J,35.66
I,35.67
K,35.68
I,35.68
I,35.68
I,35.68
I,35.69
I,35.69
K,35.7
I,35.7
I,35.71
I,35.73
K,35.73
I,35.73
K,35.74
I,35.74
K,35.75
I,35.75
I,35.76
I,35.76
I,35.76
I,35.77
I,35.78
I,35.78
I,35.78
K,35.8
I,35.81
I,35.81
I,35.84
I,35.85
I,35.86
I,35.87
I,35.88
I,35.89
I,35.89
I,35.89
I,35.9
I,35.9
I,35.9
J,35.91
I,35.91
K,35.91
I,35.91
I,35.92
K,35.93
K,35.93
I,35.96
I,35.96
I,35.97
I,35.97
K,35.97
I,35.97
I,35.97
I,35.99
I,35.99
I,35.99
I,35.99
I,36
I,36
I,36
I,36.01
I,36.01
I,36.01
I,36.01
K,36.02
I,36.02
I,36.02
I,36.03
K,36.04
I,36.05
I,36.05
I,36.05
J,36.06
I,36.07
K,36.1
K,36.12
J,36.12
I,36.12
I,36.13
K,36.15
I,36.15
I,36.15
I,36.16
I,36.17
I,36.18
I,36.19
I,36.19
I,36.19
I,36.19
J,36.2
I,36.22
I,36.23
I,36.24
I,36.24
I,36.25
K,36.25
J,36.26
I,36.26
I,36.27
J,36.28
I,36.28
I,36.28
I,36.28
K,36.29
I,36.29
J,36.31
I,36.31
I,36.32
J,36.33
I,36.34
I,36.34
I,36.35
J,36.35
I,36.36
I,36.37
K,36.38
I,36.39
J,36.39
I,36.4
I,36.42
I,36.42
I,36.43
I,36.45
I,36.45
I,36.45
I,36.46
I,36.46
K,36.47
K,36.47
I,36.48
I,36.49
J,36.49
I,36.49
K,36.5
I,36.5
J,36.51
I,36.51
I,36.51
I,36.52
I,36.52
I,36.52
I,36.52
I,36.52
I,36.54
I,36.56
I,36.57
I,36.59
J,36.6
J,36.61
I,36.62
I,36.62
I,36.63
I,36.64
I,36.65
I,36.65
I,36.65
I,36.66
I,36.66
I,36.67
I,36.67
I,36.68
J,36.68
J,36.69
I,36.7
I,36.7
I,36.7
I,36.7
I,36.71
I,36.73
K,36.73
J,36.74
I,36.76
I,36.76
I,36.76
J,36.76
I,36.77
K,36.79
I,36.79
I,36.8
K,36.8
I,36.81
I,36.81
K,36.81
I,36.82
J,36.83
I,36.83
I,36.83
I,36.85
I,36.85
I,36.86
I,36.86
I,36.87
I,36.87
K,36.88
I,36.88
I,36.88
I,36.92
I,36.92
I,36.94
I,36.94
I,36.95
I,36.96
I,36.96
J,36.96
I,36.97
I,36.97
I,36.97
J,36.97
I,36.98
I,36.99
I,36.99
I,37.03
K,37.03
I,37.04
I,37.06
J,37.06
I,37.09
I,37.09
I,37.1
I,37.1
I,37.11
I,37.11
I,37.11
I,37.13
I,37.13
J,37.13
I,37.14
K,37.14
I,37.15
I,37.15
J,37.15
I,37.17
K,37.18
I,37.18
I,37.21
I,37.21
J,37.23
K,37.25
I,37.26
I,37.26
I,37.27
I,37.27
I,37.28
I,37.28
I,37.28
K,37.28
J,37.29
I,37.29
I,37.29
I,37.29
I,37.3
I,37.3
I,37.3
I,37.31
I,37.34
I,37.35
I,37.35
K,37.36
I,37.37
I,37.38
J,37.39
I,37.39
I,37.4
I,37.41
I,37.42
I,37.43
I,37.43
I,37.44
I,37.44
I,37.44
I,37.44
I,37.44
I,37.45
I,37.45
I,37.45
I,37.46
J,37.46
I,37.46
I,37.47
I,37.47
I,37.47
I,37.48
J,37.48
I,37.48
I,37.49
I,37.5
I,37.5
I,37.5
I,37.52
I,37.54
I,37.54
I,37.55
I,37.55
I,37.55
I,37.55
I,37.55
I,37.56
I,37.56
K,37.56
I,37.56
I,37.57
I,37.57
J,37.58
I,37.59
I,37.59
I,37.59
I,37.59
I,37.59
I,37.59
I,37.61
I,37.61
I,37.62
K,37.64
K,37.65
I,37.66
I,37.66
I,37.67
J,37.67
I,37.67
I,37.7
K,37.71
I,37.72
I,37.73
I,37.76
I,37.76
K,37.76
I,37.77
I,37.78
I,37.78
I,37.8
I,37.8
I,37.8
J,37.81
J,37.82
I,37.82
I,37.83
I,37.84
I,37.87
J,37.88
I,37.88
I,37.89
I,37.92
K,37.92
K,37.93
I,37.94
I,37.94
I,37.95
I,37.95
I,37.95
I,37.97
J,37.97
I,37.98
I,37.98
I,37.98
I,37.99
I,37.99
K,37.99
J,38
I,38.01
I,38.01
J,38.02
K,38.05
I,38.05
I,38.05
I,38.12
I,38.13
I,38.13
K,38.14
I,38.14
J,38.15
I,38.16
I,38.16
I,38.16
I,38.19
I,38.2
I,38.2
I,38.21
I,38.21
I,38.21
K,38.22
I,38.22
I,38.24
I,38.24
J,38.25
I,38.27
I,38.29
I,38.29
J,38.3
I,38.3
I,38.31
J,38.31
I,38.33
I,38.34
I,38.35
I,38.35
I,38.36
I,38.36
I,38.36
I,38.37
J,38.39
I,38.39
K,38.4
I,38.41
I,38.41
I,38.42
I,38.43
I,38.43
I,38.44
I,38.45
I,38.46
I,38.48
I,38.49
I,38.5
I,38.5
J,38.51
I,38.51
I,38.52
K,38.52
I,38.53
I,38.53
I,38.53
J,38.55
I,38.55
I,38.55
I,38.56
I,38.56
I,38.57
I,38.57
I,38.57
I,38.58
I,38.58
I,38.6
I,38.61
K,38.61
I,38.63
I,38.63
I,38.64
I,38.64
I,38.64
I,38.64
I,38.64
I,38.66
I,38.67
I,38.67
I,38.67
I,38.68
K,38.68
I,38.69
I,38.7
I,38.71
I,38.71
I,38.72
I,38.72
I,38.72
I,38.73
K,38.74
I,38.74
I,38.75
I,38.75
I,38.75
K,38.77
I,38.77
J,38.8
I,38.82
I,38.82
I,38.82
I,38.84
I,38.84
I,38.84
I,38.85
K,38.85
I,38.87
I,38.87
I,38.88
I,38.88
I,38.89
I,38.91
I,38.93
I,38.93
I,38.93
I,38.94
I,38.95
I,38.95
I,38.96
I,38.96
I,38.97
I,38.97
I,38.97
I,38.98
I,38.98
I,38.99
I,38.99
I,38.99
I,39
J,39.01
I,39.01
I,39.02
J,39.02
K,39.03
I,39.03
I,39.03
I,39.04
I,39.04
I,39.06
I,39.06
I,39.06
I,39.06
I,39.07
I,39.08
I,39.08
I,39.09
J,39.09
J,39.09
J,39.09
I,39.09
J,39.1
K,39.1
I,39.11
I,39.13
I,39.15
I,39.15
I,39.16
I,39.16
I,39.17
I,39.18
I,39.18
I,39.19
I,39.2
I,39.21
K,39.21
J,39.24
I,39.25
I,39.25
I,39.25
I,39.25
J,39.26
I,39.26
I,39.27
I,39.27
I,39.28
I,39.28
I,39.29
I,39.29
I,39.3
I,39.31
J,39.31
I,39.31
I,39.31
I,39.32
I,39.32
I,39.33
I,39.35
K,39.35
J,39.36
I,39.37
I,39.41
J,39.44
I,39.45
I,39.46
I,39.48
I,39.48
I,39.48
I,39.49
I,39.49
J,39.49
J,39.49
I,39.49
I,39.5
I,39.51
K,39.51
I,39.51
I,39.54
K,39.54
I,39.54
I,39.55
I,39.55
I,39.56
I,39.56
K,39.57
J,39.57
K,39.57
I,39.59
I,39.6
I,39.6
I,39.6
I,39.6
I,39.62
I,39.62
I,39.63
I,39.63
I,39.65
I,39.66
K,39.67
I,39.68
I,39.69
I,39.69
I,39.71
I,39.73
K,39.73
I,39.74
I,39.74
K,39.74
I,39.75
I,39.76
I,39.76
I,39.77
J,39.79
I,39.79
J,39.79
I,39.8
K,39.8
I,39.81
I,39.82
I,39.83
K,39.84
I,39.85
I,39.87
I,39.88
I,39.88
I,39.91
K,39.91
I,39.92
J,39.93
K,39.93
I,39.94
I,39.94
I,39.95
I,39.96
I,39.96
I,39.96
I,39.96
I,39.98
I,39.99
I,40
I,40.02
I,40.05
J,40.05
K,40.05
I,40.05
I,40.06
I,40.06
I,40.07
I,40.07
I,40.08
I,40.1
I,40.1
I,40.12
I,40.12
I,40.15
J,40.17
I,40.18
I,40.18
I,40.18
I,40.21
I,40.21
I,40.21
I,40.21
I,40.22
J,40.22
I,40.25
I,40.25
I,40.25
I,40.25
J,40.26
I,40.26
I,40.27
I,40.27
I,40.28
K,40.29
I,40.31
I,40.32
I,40.33
I,40.34
I,40.34
I,40.36
I,40.38
I,40.39
K,40.39
I,40.4
I,40.41
I,40.43
J,40.43
I,40.44
I,40.44
I,40.45
J,40.47
J,40.48
I,40.48
I,40.49
I,40.5
I,40.51
J,40.52
I,40.52
I,40.53
I,40.53
J,40.54
I,40.55
I,40.55
I,40.55
I,40.55
J,40.56
I,40.57
I,40.59
I,40.6
I,40.6
I,40.6
I,40.61
K,40.61
I,40.61
I,40.62
I,40.64
J,40.65
I,40.67
I,40.67
I,40.67
I,40.68
I,40.68
I,40.7
I,40.7
I,40.71
I,40.72
I,40.72
I,40.73
I,40.73
I,40.73
I,40.74
I,40.76
J,40.77
K,40.77
I,40.77
I,40.77
I,40.8
K,40.81
I,40.82
K,40.82
I,40.83
I,40.83
I,40.83
I,40.84
I,40.85
I,40.85
I,40.86
I,40.88
J,40.89
I,40.89
I,40.89
I,40.89
J,40.9
I,40.9
I,40.91
I,40.91
J,40.92
I,40.93
I,40.93
I,40.94
I,40.95
I,40.95
J,40.96
I,40.96
I,40.97
I,40.99
I,41.01
I,41.03
I,41.04
I,41.05
I,41.09
I,41.1
J,41.11
I,41.15
J,41.15
I,41.15
I,41.16
I,41.17
I,41.19
I,41.2
I,41.2
I,41.21
J,41.22
I,41.22
I,41.23
I,41.24
I,41.25
I,41.25
I,41.27
I,41.28
I,41.3
I,41.3
K,41.33
K,41.33
J,41.34
I,41.34
I,41.35
I,41.35
I,41.35
J,41.37
I,41.38
K,41.4
I,41.41
K,41.42
I,41.43
I,41.43
I,41.45
K,41.45
J,41.45
I,41.46
I,41.49
I,41.5
I,41.52
I,41.52
I,41.52
I,41.53
I,41.54
I,41.54
I,41.55
I,41.56
I,41.56
I,41.59
I,41.61
I,41.62
I,41.63
K,41.64
I,41.64
I,41.66
K,41.66
I,41.67
I,41.68
I,41.69
J,41.72
I,41.72
I,41.74
I,41.74
J,41.74
I,41.75
I,41.75
K,41.75
I,41.76
I,41.76
I,41.76
I,41.76
I,41.78
I,41.78
K,41.8
I,41.8
I,41.81
K,41.82
I,41.83
K,41.84
K,41.86
K,41.87
I,41.88
I,41.91
I,41.91
I,41.91
I,41.93
I,41.93
I,41.93
I,41.94
I,41.94
I,41.94
I,41.94
I,41.95
I,41.96
K,41.96
I,41.97
I,41.97
I,42
I,42
I,42
I,42
I,42
I,42.01
I,42.01
I,42.04
I,42.04
J,42.07
I,42.07
I,42.07
I,42.08
I,42.09
I,42.15
I,42.16
J,42.19
I,42.2
I,42.2
I,42.21
J,42.21
J,42.22
J,42.22
I,42.22
I,42.23
I,42.23
J,42.23
I,42.24
I,42.24
I,42.24
I,42.26
I,42.27
I,42.27
I,42.28
I,42.28
I,42.3
I,42.31
I,42.32
I,42.32
I,42.33
I,42.34
I,42.34
I,42.35
I,42.36
I,42.37
I,42.4
I,42.41
J,42.41
I,42.41
I,42.42
I,42.44
K,42.44
I,42.46
J,42.46
I,42.47
I,42.48
J,42.48
I,42.5
J,42.52
I,42.53
I,42.53
I,42.53
K,42.54
I,42.54
I,42.55
I,42.55
I,42.55
I,42.56
I,42.61
I,42.61
I,42.62
I,42.62
I,42.62
I,42.63
K,42.64
I,42.64
I,42.65
I,42.66
I,42.66
J,42.67
J,42.67
I,42.68
I,42.68
I,42.7
I,42.71
J,42.71
J,42.71
I,42.71
I,42.72
I,42.72
I,42.73
I,42.73
I,42.73
I,42.73
I,42.74
I,42.74
I,42.74
I,42.76
J,42.76
K,42.77
I,42.79
I,42.81
I,42.85
I,42.88
I,42.88
K,42.89
J,42.94
I,42.95
I,42.96
J,42.97
K,42.98
K,42.98
J,42.99
I,43
J,43.01
J,43.01
I,43.02
I,43.03
I,43.04
I,43.07
I,43.08
I,43.08
I,43.1
I,43.1
J,43.15
I,43.16
K,43.18
I,43.18
J,43.19
I,43.19
I,43.19
I,43.21
I,43.23
I,43.24
I,43.25
I,43.25
J,43.27
I,43.29
I,43.3
J,43.3
I,43.31
K,43.31
J,43.33
I,43.33
I,43.33
I,43.34
I,43.34
I,43.35
I,43.35
J,43.36
I,43.36
I,43.37
I,43.37
I,43.4
I,43.41
J,43.41
I,43.41
J,43.43
J,43.43
I,43.44
I,43.44
K,43.44
I,43.45
J,43.46
I,43.46
J,43.46
I,43.47
I,43.47
I,43.47
I,43.48
J,43.48
K,43.48
K,43.49
I,43.51
I,43.52
I,43.53
K,43.53
I,43.55
I,43.55
I,43.56
I,43.56
I,43.56
I,43.57
I,43.59
I,43.6
J,43.62
I,43.63
I,43.63
I,43.64
I,43.65
I,43.66
I,43.66
I,43.67
I,43.67
I,43.7
I,43.71
I,43.72
I,43.72
I,43.73
I,43.75
I,43.75
I,43.77
J,43.77
I,43.77
I,43.8
I,43.81
I,43.81
J,43.83
I,43.85
I,43.85
I,43.86
I,43.87
K,43.88
J,43.89
I,43.9
I,43.91
I,43.91
I,43.95
I,43.96
J,43.97
I,43.97
I,43.97
I,43.99
I,44
I,44.01
I,44.03
I,44.03
I,44.04
I,44.04
I,44.05
I,44.09
K,44.09
I,44.11
I,44.11
I,44.14
I,44.14
I,44.14
I,44.15
I,44.19
J,44.2
I,44.2
I,44.2
I,44.23
I,44.24
I,44.24
I,44.25
I,44.25
I,44.25
I,44.25
I,44.27
I,44.27
I,44.28
I,44.29
I,44.29
I,44.33
I,44.33
I,44.35
I,44.36
I,44.36
I,44.39
I,44.4
I,44.42
I,44.43
I,44.44
I,44.45
J,44.46
I,44.47
I,44.49
I,44.49
I,44.5
I,44.51
I,44.51
I,44.55
I,44.56
J,44.56
I,44.57
I,44.59
I,44.59
I,44.59
I,44.61
I,44.62
I,44.62
I,44.62
I,44.63
I,44.64
I,44.65
I,44.67
I,44.67
I,44.69
I,44.72
I,44.72
I,44.73
I,44.76
I,44.81
I,44.82
I,44.82
I,44.83
I,44.84
I,44.84
J,44.85
I,44.85
I,44.86
I,44.86
K,44.87
I,44.87
I,44.89
I,44.89
I,44.9
I,44.92
I,44.92
I,44.95
I,44.95
I,44.96
I,44.97
I,44.97
I,44.98
I,44.99
I,45.01
I,45.02
I,45.02
I,45.02
I,45.03
I,45.03
I,45.03
J,45.04
I,45.05
I,45.05
I,45.05
I,45.06
I,45.06
I,45.06
I,45.08
I,45.09
I,45.09
I,45.09
K,45.09
I,45.11
J,45.11
I,45.14
I,45.14
J,45.15
I,45.15
J,45.15
I,45.2
I,45.21
I,45.22
I,45.23
J,45.24
I,45.28
I,45.3
I,45.31
I,45.32
I,45.33
I,45.34
I,45.37
J,45.38
I,45.4
J,45.44
I,45.47
I,45.48
I,45.5
I,45.5
J,45.5
J,45.51
K,45.51
I,45.53
I,45.54
I,45.54
I,45.54
I,45.58
I,45.61
I,45.63
J,45.63
I,45.64
I,45.65
I,45.67
I,45.68
I,45.69
I,45.71
J,45.71
I,45.71
I,45.73
I,45.74
I,45.74
K,45.75
J,45.76
I,45.79
I,45.8
I,45.83
K,45.83
I,45.86
I,45.88
I,45.88
I,45.88
I,45.89
I,45.89
I,45.9
I,45.9
J,45.92
I,45.92
I,45.93
I,45.93
I,45.94
I,45.94
J,45.97
K,45.97
J,45.98
I,46.02
I,46.05
I,46.06
I,46.1
I,46.14
I,46.15
I,46.15
I,46.17
I,46.18
I,46.18
I,46.18
I,46.19
I,46.19
I,46.2
J,46.2
I,46.21
I,46.24
I,46.28
I,46.28
I,46.29
I,46.31
I,46.32
J,46.32
K,46.32
I,46.34
I,46.34
I,46.35
I,46.35
I,46.36
I,46.37
I,46.37
I,46.38
J,46.38
I,46.38
I,46.44
I,46.44
I,46.47
I,46.49
I,46.49
I,46.5
I,46.5
K,46.56
J,46.57
I,46.63
I,46.64
I,46.66
I,46.67
I,46.67
I,46.68
I,46.69
I,46.7
I,46.7
I,46.71
I,46.71
I,46.72
I,46.74
I,46.76
I,46.76
I,46.77
I,46.78
I,46.79
I,46.79
I,46.79
K,46.8
I,46.8
I,46.81
I,46.82
I,46.84
I,46.85
I,46.89
I,46.89
I,46.9
I,46.9
K,46.91
I,46.93
I,46.93
I,46.94
I,46.94
I,46.95
I,46.98
J,47
I,47.01
I,47.04
K,47.07
J,47.08
K,47.08
I,47.08
I,47.08
I,47.11
I,47.14
I,47.14
I,47.16
I,47.18
I,47.19
I,47.2
K,47.22
I,47.24
K,47.24
I,47.25
J,47.26
I,47.26
I,47.27
I,47.31
J,47.32
I,47.32
I,47.32
I,47.34
I,47.34
I,47.34
I,47.35
I,47.36
I,47.37
J,47.39
I,47.4
I,47.41
I,47.41
I,47.42
I,47.43
I,47.43
I,47.44
I,47.44
I,47.45
I,47.47
I,47.48
I,47.48
I,47.49
I,47.49
J,47.5
I,47.51
I,47.51
J,47.52
I,47.53
K,47.54
I,47.54
I,47.56
I,47.6
I,47.61
K,47.61
J,47.62
K,47.63
J,47.64
I,47.64
I,47.65
I,47.65
I,47.68
I,47.72
I,47.72
I,47.72
I,47.74
I,47.74
I,47.75
I,47.75
I,47.78
I,47.79
J,47.79
I,47.8
I,47.81
I,47.82
I,47.82
I,47.83
I,47.85
I,47.87
I,47.87
J,47.89
I,47.9
I,47.92
I,47.95
I,47.98
I,48.02
I,48.04
I,48.05
I,48.06
I,48.07
K,48.09
I,48.1
I,48.11
I,48.13
I,48.14
I,48.15
I,48.16
J,48.18
K,48.18
I,48.18
I,48.19
I,48.19
I,48.2
I,48.22
I,48.22
I,48.22
I,48.23
I,48.24
I,48.24
I,48.24
I,48.25
I,48.28
J,48.32
I,48.32
I,48.33
I,48.33
K,48.35
K,48.38
I,48.41
I,48.46
I,48.47
K,48.47
I,48.49
I,48.49
I,48.51
I,48.52
I,48.52
I,48.54
I,48.56
J,48.56
K,48.57
I,48.58
J,48.65
I,48.66
I,48.67
I,48.67
I,48.69
I,48.69
I,48.7
I,48.7
I,48.72
I,48.74
J,48.75
I,48.76
K,48.78
I,48.79
J,48.8
I,48.8
K,48.81
I,48.81
I,48.82
I,48.82
I,48.84
J,48.84
I,48.85
K,48.85
I,48.86
I,48.88
I,48.89
I,48.9
I,48.92
I,48.97
I,48.97
I,48.97
I,48.97
I,48.98
I,49.01
I,49.02
K,49.03
I,49.06
I,49.06
I,49.09
I,49.09
J,49.1
I,49.12
J,49.16
I,49.17
I,49.21
I,49.22
I,49.25
I,49.25
I,49.27
I,49.27
I,49.29
I,49.31
J,49.31
I,49.34
J,49.37
J,49.38
I,49.39
I,49.39
J,49.41
J,49.41
J,49.43
J,49.45
J,49.45
I,49.47
I,49.48
I,49.49
I,49.5
J,49.57
J,49.57
I,49.57
I,49.58
I,49.58
I,49.6
I,49.63
I,49.66
I,49.67
K,49.71
I,49.71
I,49.71
I,49.73
I,49.75
I,49.75
I,49.75
I,49.78
I,49.78
I,49.79
I,49.79
I,49.8
I,49.82
I,49.84
I,49.84
I,49.85
I,49.86
I,49.91
K,49.92
K,49.93
I,49.94
I,49.95
I,49.95
I,49.95
I,49.96
I,49.96
I,49.96
I,49.96
I,49.97
I,49.98
I,50
I,50.01
I,50.03
I,50.03
I,50.03
I,50.06
I,50.07
I,50.07
I,50.08
K,50.08
J,50.08
I,50.11
J,50.12
I,50.13
I,50.15
I,50.21
J,50.21
I,50.23
J,50.24
I,50.24
I,50.25
I,50.26
I,50.26
I,50.28
I,50.3
I,50.31
I,50.33
I,50.33
I,50.36
I,50.37
I,50.4
I,50.41
I,50.41
I,50.43
I,50.51
I,50.51
I,50.54
I,50.54
I,50.54
I,50.55
J,50.57
I,50.57
I,50.57
I,50.6
I,50.62
I,50.63
I,50.64
I,50.66
I,50.66
I,50.71
I,50.73
J,50.74
I,50.74
I,50.75
I,50.76
I,50.79
I,50.8
I,50.81
I,50.82
I,50.83
I,50.83
I,50.84
I,50.85
I,50.88
I,50.89
I,50.91
I,50.92
I,50.93
I,50.95
I,50.96
I,50.99
I,50.99
I,51.03
I,51.04
I,51.07
I,51.07
I,51.09
I,51.1
I,51.11
I,51.12
I,51.12
I,51.13
I,51.14
I,51.14
I,51.17
I,51.17
I,51.19
I,51.19
I,51.24
I,51.29
I,51.3
I,51.31
I,51.32
I,51.34
J,51.35
I,51.35
I,51.35
I,51.35
I,51.36
I,51.36
I,51.39
I,51.39
J,51.39
I,51.39
I,51.41
I,51.42
I,51.45
I,51.5
I,51.5
I,51.51
I,51.53
I,51.55
J,51.56
K,51.57
I,51.58
I,51.6
I,51.61
I,51.65
I,51.67
I,51.67
J,51.69
J,51.71
K,51.71
K,51.72
I,51.72
K,51.73
I,51.75
I,51.76
I,51.77
J,51.78
I,51.78
J,51.8
I,51.8
I,51.81
I,51.85
I,51.85
I,51.92
I,51.93
K,51.95
I,51.96
I,51.96
I,51.97
I,51.98
I,51.99
J,52
J,52.03
I,52.04
I,52.05
J,52.06
K,52.12
K,52.12
I,52.13
I,52.15
I,52.16
I,52.19
I,52.2
I,52.23
K,52.24
J,52.25
I,52.26
I,52.27
I,52.27
I,52.29
I,52.33
I,52.34
I,52.35
I,52.36
I,52.38
I,52.41
I,52.47
I,52.48
I,52.48
I,52.5
I,52.51
I,52.52
I,52.54
I,52.54
I,52.55
I,52.56
I,52.57
I,52.57
I,52.64
I,52.65
I,52.66
I,52.66
I,52.66
K,52.67
I,52.72
I,52.72
I,52.74
I,52.77
I,52.79
I,52.79
I,52.8
I,52.83
I,52.83
I,52.84
I,52.84
I,52.85
I,52.86
I,52.86
I,52.88
I,52.91
I,52.92
I,52.95
J,52.95
I,52.97
I,52.97
I,53
I,53.02
I,53.05
I,53.05
I,53.11
I,53.13
I,53.14
I,53.15
J,53.15
I,53.15
I,53.18
I,53.2
I,53.24
I,53.25
I,53.26
I,53.29
I,53.35
I,53.4
I,53.41
I,53.43
I,53.45
I,53.47
I,53.47
I,53.49
I,53.51
J,53.53
I,53.54
I,53.55
I,53.6
J,53.61
I,53.63
I,53.65
I,53.67
I,53.69
I,53.71
I,53.72
I,53.74
I,53.74
I,53.76
I,53.77
I,53.78
I,53.78
I,53.78
I,53.8
I,53.81
I,53.84
I,53.85
K,53.86
I,53.86
I,53.87
I,53.88
I,53.88
J,53.89
J,53.9
I,53.91
I,53.92
I,53.94
I,53.94
I,53.98
I,53.99
I,54
I,54.03
I,54.04
I,54.05
I,54.07
I,54.07
I,54.08
I,54.08
J,54.09
I,54.1
K,54.11
I,54.11
I,54.2
I,54.24
I,54.24
J,54.24
I,54.27
I,54.27
I,54.27
I,54.28
K,54.28
I,54.3
I,54.32
I,54.36
I,54.42
I,54.42
I,54.43
I,54.45
K,54.46
I,54.46
I,54.47
I,54.5
I,54.51
J,54.52
I,54.54
I,54.55
I,54.55
I,54.57
I,54.59
I,54.6
I,54.6
I,54.61
I,54.61
I,54.62
I,54.63
I,54.67
I,54.67
I,54.74
J,54.76
I,54.76
I,54.76
I,54.8
J,54.8
I,54.85
I,54.87
J,54.9
I,54.9
I,54.91
I,54.92
I,54.96
I,54.99
I,54.99
I,55
I,55
I,55
I,55
I,55
I,55.01
I,55.02
J,55.02
I,55.04
J,55.05
I,55.06
I,55.07
J,55.09
I,55.11
I,55.12
I,55.13
J,55.15
J,55.15
I,55.16
I,55.2
I,55.21
I,55.22
I,55.22
I,55.23
I,55.24
I,55.24
I,55.25
J,55.28
I,55.28
I,55.29
I,55.31
I,55.32
I,55.34
I,55.36
I,55.36
I,55.37
I,55.38
I,55.4
I,55.4
I,55.47
I,55.47
I,55.48
I,55.51
I,55.54
I,55.54
I,55.55
I,55.55
I,55.58
K,55.58
I,55.59
I,55.61
I,55.61
I,55.64
J,55.64
I,55.64
I,55.69
I,55.7
I,55.7
I,55.74
J,55.75
I,55.77
I,55.79
J,55.81
I,55.86
I,55.86
I,55.86
I,55.91
I,55.91
K,55.94
I,55.95
I,55.95
I,55.96
I,55.97
I,55.99
I,56.01
I,56.03
I,56.03
I,56.06
I,56.06
I,56.07
I,56.09
I,56.1
I,56.11
I,56.16
I,56.18
I,56.19
I,56.21
I,56.21
I,56.23
I,56.24
I,56.28
I,56.29
I,56.3
I,56.3
I,56.33
I,56.36
I,56.37
I,56.39
I,56.46
I,56.46
I,56.46
I,56.48
I,56.48
I,56.51
I,56.55
I,56.55
I,56.6
I,56.64
I,56.65
J,56.65
I,56.67
I,56.67
I,56.67
I,56.68
I,56.7
I,56.71
I,56.72
I,56.72
I,56.81
I,56.82
I,56.85
J,56.89
I,56.93
I,56.96
I,57
I,57.01
I,57.05
I,57.06
I,57.09
I,57.12
I,57.12
I,57.13
I,57.18
I,57.22
I,57.26
I,57.26
I,57.28
I,57.36
I,57.4
J,57.47
I,57.49
I,57.51
I,57.52
I,57.52
I,57.53
I,57.55
I,57.56
I,57.56
I,57.57
I,57.58
J,57.6
I,57.66
I,57.73
I,57.73
I,57.74
I,57.75
I,57.76
I,57.77
I,57.8
I,57.83
I,57.84
I,57.86
I,57.88
I,57.89
I,57.89
J,57.89
I,57.91
I,57.93
I,57.95
I,57.98
I,58.01
J,58.01
I,58.04
I,58.06
I,58.06
I,58.08
I,58.11
I,58.12
I,58.17
K,58.18
I,58.22
I,58.24
I,58.31
I,58.32
I,58.36
I,58.39
I,58.39
I,58.47
I,58.49
J,58.49
I,58.5
I,58.54
I,58.55
I,58.56
I,58.57
I,58.57
J,58.57
I,58.6
I,58.61
I,58.61
I,58.68
I,58.68
I,58.7
I,58.74
I,58.74
K,58.74
J,58.74
K,58.75
I,58.77
I,58.78
I,58.83
I,58.85
I,58.89
I,58.89
I,58.92
I,58.92
J,58.98
I,59
J,59
I,59.03
I,59.06
I,59.06
I,59.1
I,59.1
I,59.12
I,59.14
I,59.16
I,59.17
I,59.18
I,59.18
I,59.18
I,59.21
I,59.23
I,59.27
I,59.3
I,59.39
I,59.42
I,59.42
I,59.44
J,59.45
I,59.45
I,59.59
I,59.62
I,59.64
I,59.65
I,59.67
I,59.69
I,59.71
I,59.8
K,59.84
I,59.84
I,59.85
J,59.86
I,59.87
I,59.92
I,59.94
I,59.96
K,60.02
I,60.08
I,60.08
I,60.09
I,60.1
I,60.13
K,60.13
I,60.16
I,60.18
I,60.19
I,60.21
I,60.24
J,60.25
I,60.34
I,60.34
J,60.39
I,60.4
I,60.42
I,60.42
J,60.43
I,60.45
I,60.45
I,60.48
K,60.53
I,60.55
I,60.58
K,60.58
I,60.62
J,60.64
I,60.78
I,60.79
I,61
I,61.02
I,61.08
I,61.13
I,61.14
K,61.16
I,61.27
I,61.35
I,61.36
I,61.39
I,61.4
I,61.42
I,61.44
I,61.45
K,61.48
I,61.5
I,61.55
I,61.55
I,61.57
I,61.58
I,61.6
I,61.62
I,61.63
I,61.7
I,61.71
I,61.72
I,61.72
I,61.74
I,61.76
I,61.76
I,61.78
I,61.8
I,61.89
K,61.92
I,61.94
I,61.95
I,61.96
I,62.03
I,62.05
I,62.08
I,62.09
I,62.14
I,62.21
J,62.22
I,62.28
I,62.34
K,62.35
I,62.37
I,62.38
I,62.4
K,62.4
I,62.42
I,62.42
I,62.46
I,62.51
I,62.51
I,62.52
I,62.55
I,62.63
I,62.65
J,62.69
J,62.71
I,62.76
J,62.78
K,62.8
I,62.8
I,62.82
I,62.89
I,62.92
I,63.01
I,63.01
J,63.08
I,63.11
I,63.13
I,63.14
I,63.15
I,63.21
I,63.21
I,63.22
I,63.23
I,63.25
I,63.26
J,63.3
I,63.34
I,63.34
I,63.34
I,63.35
I,63.36
I,63.4
I,63.41
I,63.42
I,63.42
I,63.43
I,63.46
I,63.47
J,63.49
I,63.54
I,63.6
I,63.61
I,63.63
I,63.65
I,63.67
I,63.68
K,63.71
K,63.71
I,63.71
I,63.72
I,63.8
I,63.81
I,63.85
I,63.87
I,63.9
I,63.92
I,64.01
I,64.03
I,64.03
I,64.04
I,64.06
I,64.08
I,64.11
I,64.17
I,64.19
I,64.23
I,64.27
I,64.35
I,64.35
I,64.39
I,64.39
I,64.54
I,64.56
I,64.57
I,64.58
I,64.65
I,64.65
I,64.68
K,64.72
K,64.78
I,64.87
I,64.88
I,64.9
I,64.93
I,65.02
I,65.04
I,65.13
I,65.21
I,65.22
I,65.28
I,65.29
I,65.31
J,65.34
J,65.38
I,65.39
K,65.41
I,65.42
I,65.47
I,65.55
I,65.55
I,65.59
J,65.61
I,65.7
J,65.73
I,65.75
I,65.77
I,65.77
I,65.79
I,65.83
I,65.88
I,65.92
I,65.92
I,65.96
I,65.96
I,65.97
I,66
I,66.03
I,66.05
I,66.06
I,66.06
I,66.06
I,66.1
I,66.16
I,66.18
J,66.18
I,66.2
I,66.2
I,66.27
K,66.27
I,66.36
I,66.38
I,66.51
I,66.54
I,66.6
I,66.61
I,66.62
I,66.69
I,66.81
I,66.85
I,66.85
I,66.91
I,67
I,67
I,67
I,67.02
I,67.04
I,67.12
I,67.16
I,67.17
I,67.18
I,67.19
I,67.23
I,67.26
I,67.26
I,67.29
I,67.32
I,67.33
I,67.38
I,67.41
I,67.44
J,67.45
I,67.47
I,67.52
I,67.54
I,67.59
I,67.59
I,67.61
I,67.62
I,67.63
I,67.64
I,67.83
I,67.83
J,67.85
K,67.86
I,67.9
K,67.94
I,67.95
J,67.96
I,67.98
I,68.05
I,68.08
J,68.1
I,68.15
I,68.23
I,68.32
I,68.33
I,68.35
I,68.38
I,68.43
I,68.5
I,68.53
I,68.57
I,68.57
I,68.6
I,68.6
I,68.62
I,68.63
I,68.65
I,68.65
K,68.67
I,68.69
I,68.7
I,68.74
I,68.87
I,69.01
I,69.06
I,69.15
I,69.16
I,69.18
J,69.19
I,69.21
I,69.3
I,69.37
I,69.37
I,69.38
I,69.42
I,69.45
J,69.46
I,69.51
I,69.59
I,69.68
I,69.73
K,69.75
I,69.77
I,69.78
I,69.81
I,69.88
I,69.92
I,69.94
I,70.07
I,70.15
K,70.19
K,70.22
K,70.3
I,70.33
I,70.37
I,70.39
I,70.4
I,70.41
I,70.5
K,70.54
I,70.55
I,70.56
I,70.62
I,70.75
I,70.84
I,70.84
I,70.86
I,70.88
I,70.95
I,70.95
I,71.1
I,71.12
I,71.13
I,71.13
I,71.16
I,71.24
I,71.27
I,71.34
I,71.37
I,71.43
I,71.46
I,71.62
I,71.66
I,71.68
I,71.73
I,71.74
I,71.78
I,71.79
I,71.79
I,71.81
I,71.87
I,71.9
I,71.99
I,72
I,72.03
I,72.08
I,72.08
I,72.15
I,72.17
I,72.28
I,72.39
I,72.47
I,72.53
I,72.56
K,72.64
I,72.78
I,72.82
J,72.87
I,72.91
I,72.97
I,72.97
I,73.07
J,73.1
I,73.15
I,73.17
I,73.18
J,73.26
I,73.26
I,73.35
I,73.38
J,73.41
I,73.59
K,73.6
I,73.62
I,73.64
I,73.67
I,73.72
J,73.73
K,73.8
I,73.85
I,73.86
I,73.87
I,73.96
I,74.04
J,74.04
I,74.11
I,74.13
I,74.19
I,74.23
I,74.24
J,74.25
I,74.28
I,74.3
I,74.31
I,74.41
I,74.5
I,74.52
K,74.68
I,74.73
I,74.73
I,74.8
K,74.8
I,74.97
I,75.05
I,75.05
I,75.08
I,75.13
I,75.22
I,75.26
I,75.27
I,75.34
I,75.41
I,75.44
K,75.48
J,75.59
I,75.61
K,75.71
I,75.75
I,75.83
K,75.96
I,76.04
I,76.72
I,76.8
I,76.92
J,76.92
I,76.92
K,77.01
I,77.03
I,77.04
I,77.05
I,77.15
I,77.17
I,77.18
I,77.19
I,77.21
I,77.22
I,77.23
K,77.28
I,77.31
I,77.35
I,77.35
I,77.38
J,77.4
I,77.42
I,77.46
I,77.49
I,77.57
I,77.58
I,77.58
I,77.6
I,77.65
K,77.74
I,77.85
I,77.9
I,77.93
I,77.94
I,77.94
K,78.07
I,78.17
I,78.19
I,78.26
I,78.31
I,78.39
I,78.47
J,78.62
I,78.72
I,78.81
I,78.91
K,79
I,79.09
I,79.1
I,79.19
I,79.26
I,79.53
I,79.54
I,79.95
I,80.01
I,80.04
I,80.05
I,80.06
I,80.1
I,80.11
I,80.13
I,80.13
I,80.26
I,80.29
I,80.38
K,80.47
I,80.51
I,80.52
I,80.57
I,80.65
I,80.7
I,80.72
I,80.88
I,80.9
I,80.91
I,81.04
I,81.04
I,81.06
I,81.24
I,81.28
I,81.37
I,81.48
K,81.53
I,81.54
I,81.81
K,81.9
I,81.93
I,81.94
I,82.06
J,82.23
I,82.33
K,82.33
I,82.36
J,82.44
I,82.46
I,82.56
J,82.62
I,82.63
I,82.73
J,82.77
J,82.84
I,83.05
I,83.26
I,83.4
I,83.42
I,83.43
I,83.5
I,83.5
I,83.51
I,83.62
I,83.74
K,83.81
I,83.87
I,83.91
I,83.92
I,84.19
I,84.25
I,84.26
I,84.38
I,84.48
J,84.53
I,84.64
J,84.64
I,84.74
I,84.77
I,84.87
I,84.87
I,84.99
I,84.99
I,85.02
J,85.09
I,85.12
I,85.21
I,85.24
I,85.28
I,85.29
I,85.46
I,85.51
J,85.52
I,85.61
I,85.63
I,85.66
I,85.72
I,85.81
I,85.83
K,85.83
I,85.89
I,85.91
I,85.94
I,85.98
I,85.99
I,86.09
I,86.2
I,86.21
I,86.22
I,86.24
I,86.32
K,86.34
I,86.5
I,86.5
I,86.59
J,86.67
K,86.72
I,86.91
I,87.05
I,87.1
I,87.66
K,87.76
I,87.92
K,88
I,88.03
K,88.37
I,88.41
I,88.54
K,88.65
I,88.71
I,88.74
I,88.75
I,88.82
I,88.92
K,89
I,89.02
I,89.23
I,89.3
I,89.35
I,89.39
I,89.45
K,89.48
I,89.57
J,89.68
K,89.69
I,89.77
I,89.77
K,89.85
I,89.86
I,89.92
I,89.96
I,89.96
I,90.9
I,90.96
I,91.07
I,91.16
I,91.25
I,91.31
I,91.45
I,91.46
I,91.54
I,91.62
I,91.66
I,91.74
I,91.76
I,91.88
I,92.36
I,92.49
I,92.52
I,92.55
I,92.74
I,92.88
I,92.99
I,93.22
I,93.27
I,93.33
I,93.43
I,93.45
I,93.7
I,93.73
I,93.75
I,93.8
K,93.91
I,93.92
I,94.23
I,94.32
I,94.61
I,95.78
K,95.85
I,95.87
I,96
I,96.11
I,96.18
I,96.36
I,96.37
I,96.43
J,96.44
I,96.53
I,96.64
I,96.65
I,96.69
I,96.78
I,96.92
I,96.99
I,97.04
I,97.57
I,97.61
I,98.03
I,98.06
I,98.53
I,98.75
K,98.79
I,98.81
I,98.97
I,99.11
I,99.2
I,99.27
I,99.27
I,99.93
I,99.99
I,100.1
I,100.13
I,100.23
I,100.42
I,100.45
I,100.7
I,100.75
J,100.92
I,100.94
I,100.96
I,101
I,101.23
I,101.63
I,101.8
K,101.91
K,102.28
I,102.93
I,103.08
K,103.12
I,103.68
I,103.9
I,104.43
I,104.54
I,104.63
I,104.78
I,105.06
I,105.17
I,105.58
I,105.69
I,105.81
J,106.4
I,107.17
I,107.21
I,107.22
I,107.26
J,107.29
I,107.4
I,107.58
K,107.71
I,107.81
J,108.28
I,108.3
J,108.4
K,108.65
I,108.71
I,108.75
I,109.17
I,109.61
K,109.62
I,110.18
I,110.93
I,110.94
I,111.08
I,111.18
I,111.26
I,111.43
I,111.65
J,111.74
I,111.89
K,112.33
J,112.53
I,113.65
I,113.77
J,113.84
I,113.86
I,113.91
I,114.14
I,114.19
I,114.77
J,114.77
I,115.74
K,116.38
I,116.43
I,116.79
K,117.43
K,117.91
I,118.18
I,118.25
J,118.26
I,118.62
I,118.62
K,118.67
I,118.77
I,118.97
I,119.52
I,119.8
J,120.6
I,121
I,121.02
K,121.69
J,122.27
K,122.63
I,122.74
K,123.29
K,123.54
I,123.62
I,124.01
K,124.92
I,125.16
I,125.58
I,126.1
I,126.75
I,126.77
I,126.8
I,127.86
J,128.54
I,128.69
I,128.74
I,129.08
I,129.73
I,130.03
I,130.84
I,131.14
I,132.43
I,133.29
I,133.43
I,133.69
I,134.28
I,134.5
I,136.64
I,136.82
J,137.7
I,138.05
I,138.42
I,138.71
I,138.87
I,140.44
I,140.61
I,141.49
I,142.8
I,143.67
I,143.84
I,144.28
K,144.32
I,146.15
K,146.17
I,150.86
I,151.81
I,151.88
I,153.14
I,153.37
I,153.66
I,153.7
K,153.73
I,153.73
K,153.75
K,154
J,208
J,208.57
I,208.84
K,217.08
I,253.6
J,271.61
I,290.6
I,63.32
I,66.29
I,30.56
I,76.83
I,53.89
I,33.61
I,153.73
I,51.45
I,55.99
I,23.22
I,37.51
I,84.42
I,67.89
I,39.18
I,46.86
K,44.65
I,51.5
I,29.79
I,22.58
I,28.08
I,42.64
I,26.95
I,31.21
I,22.74
I,56.6
J,68.69
I,65.58
I,66.23
I,67.19
K,82.98
K,105.15
K,34.52
K,76.96
K,30.95
K,63.19
K,85.73
K,24.85
K,37.58
I,55.84
K,24.1
K,129.58
K,47.71
K,37.17
I,55.35
I,56.96
I,67.63
I,38.9
I,23.82
I,64.5
I,43.35
I,24.67
I,31.77
I,60.85
I,39.27
I,109.97
J,55.88
I,122.18
I,35.94
I,81.27
I,39.57
I,34.1
I,41.18
I,28.38
I,46.59
I,24.4
I,22.22
I,22.14
I,33.26
I,51.62
I,25.46
I,44.56
I,76.19
I,44.89
I,40.5
I,55.04
J,34.44
J,27.47
J,48.33
J,42.35
J,59.32
K,48.96
K,56.12
I,42.76
I,37.9
I,30.29
J,169.48
I,56.68
I,43.18
I,30.58
I,36.89
I,35.08
I,53.82
I,44.73
I,112.49
I,38.16
J,44.33
I,48.88
I,42.79
I,62.78
I,75.34
I,84.97
J,55.49
I,25.9
I,9.42
I,14.37
I,17.57
I,17.63
I,17.97
I,18.18
I,18.66
I,18.71
I,18.77
I,19.04
I,19.18
I,19.22
I,19.58
I,19.62
I,19.73
K,19.75
I,19.92
